p,r,G4,d,d_factors,pure_iii,obstruction,blocking_q,blocking_class
443,489333371,57,0,,False,order_excess,0,
1181,59051,57,0,,False,order_excess,0,
1481,145139,177,0,,False,order_excess,0,
4721,74525707,67,0,,False,order_excess,0,
5531,3528779,1713,0,,False,order_excess,0,
6449,12899,129,0,,False,order_excess,0,
8093,16187,57,0,,False,order_excess,0,
9371,1781820683,171,0,,False,order_excess,0,
10061,20123,129,0,,False,order_excess,0,
14249,28499,57,0,,False,order_excess,0,
14627,30394907,171,0,,False,order_excess,0,
16301,32603,57,0,,False,order_excess,0,
17333,34667,321,0,,False,order_excess,0,
17669,35339,57,0,,False,order_excess,0,
21017,23244803,99,0,,False,order_excess,0,
21089,42179,57,0,,False,order_excess,0,
21149,1565027,129,0,,False,order_excess,0,
23117,1155851,993,0,,False,order_excess,0,
24509,49019,2451,0,,False,order_excess,0,
25841,51683,177,0,,False,order_excess,0,
31907,73194659,99,0,,False,order_excess,0,
34157,26758115603,99,0,,False,order_excess,0,
34211,1026331,379,0,,False,order_excess,0,
34841,428195891,129,0,,False,order_excess,0,
36821,73643,57,0,,False,order_excess,0,
38189,76379,57,0,,False,order_excess,0,
38351,16184123,171,0,,False,order_excess,0,
38873,77747,57,0,,False,order_excess,0,
41609,83219,57,0,,False,order_excess,0,
42221,117627707,57,0,,False,order_excess,0,
43499,608987,57,0,,False,order_excess,0,
43661,87323,57,0,,False,order_excess,0,
44777,28030403,993,0,,False,order_excess,0,
45137,4423427,171,0,,False,order_excess,0,
45887,642419,129,0,,False,order_excess,0,
46181,92363,129,0,,False,order_excess,0,
46559,83340611,171,0,,False,order_excess,0,
49223,1185585179,57,0,,False,order_excess,0,
52553,105107,57,0,,False,order_excess,0,
53699,3124744811,129,0,,False,order_excess,0,
59393,118787,57,0,,False,order_excess,0,
60761,121523,57,0,,False,order_excess,0,
68087,122965123,179,0,,False,order_excess,0,
68213,14324731,107,0,,False,order_excess,0,
68483,139020491,57,0,,False,order_excess,0,
71039,129301635851,81,0,,False,order_excess,0,
72461,20296760867,171,0,,False,order_excess,0,
75209,1353763,107,0,,False,order_excess,0,
76403,68915507,57,0,,False,order_excess,0,
81017,28680019,67,0,,False,order_excess,0,
81281,162563,57,0,,False,order_excess,0,
81293,2122885403,129,0,,False,order_excess,0,
81929,6062747,57,0,,False,order_excess,0,
83137,4634555203,131,0,,False,order_excess,0,
88643,1241003,57,0,,False,order_excess,0,
90173,180347,57,0,,False,order_excess,0,
93113,186227,2217,0,,False,order_excess,0,
94583,567499,227,0,,False,order_excess,0,
95027,2473552811,129,0,,False,order_excess,0,
100361,200723,129,0,,False,order_excess,0,
101477,2638403,747,0,,False,order_excess,0,
101747,13588311851,171,0,,False,order_excess,0,
105977,13584767723,99,0,,False,order_excess,0,
106427,1489979,57,0,,False,order_excess,0,
106487,47493203,10923,0,,False,order_excess,0,
112253,201381883,3163,0,,False,order_excess,0,
115319,1614467,57,0,,False,order_excess,0,
118739,1662347,57,0,,False,order_excess,0,
119569,3266864219,59,0,,False,order_excess,0,
119747,35891289323,297,0,,False,order_excess,0,
121937,108523931,363,0,,False,order_excess,0,
126227,757363,6529,0,,False,order_excess,0,
132491,179922779,171,0,,False,order_excess,0,
133949,267899,57,0,,False,order_excess,0,
134507,131009819,129,0,,False,order_excess,0,
134909,968376803,1401,0,,False,order_excess,0,
135841,2445139,683,0,,False,order_excess,0,
137239,26075411,467,0,,False,order_excess,0,
137369,274739,57,0,,False,order_excess,0,
142193,3697019,171,0,,False,order_excess,0,
145289,1304404643,57,0,,False,order_excess,0,
145721,291443,489,0,,False,order_excess,0,
147629,295259,57,0,,False,order_excess,0,
148157,64300139,633,0,,False,order_excess,0,
148367,40200038651,57,0,,False,order_excess,0,
148711,17546410891,2459,0,,False,order_excess,0,
155717,2802907,331,0,,False,order_excess,0,
155801,7790051,129,0,,False,order_excess,0,
157889,315779,57,0,,False,order_excess,0,
159779,2236907,57,0,,False,order_excess,0,
163973,8198651,57,0,,False,order_excess,0,
166781,333563,57,0,,False,order_excess,0,
167429,40517819,243,0,,False,order_excess,0,
167917,50212892179,121,0,,False,order_excess,0,
170111,270409466267,171,0,,False,order_excess,0,
175673,351347,57,0,,False,order_excess,0,
178817,210646427,393,0,,False,order_excess,0,
179527,25084589603,251,0,,False,order_excess,0,
182981,3056880587,57,0,,False,order_excess,0,
183713,367427,201,0,,False,order_excess,0,
185873,282021757187,129,0,,False,order_excess,0,
186437,546260411,57,0,,False,order_excess,0,
187067,200521981043,1881,0,,False,order_excess,0,
192791,289572083,171,0,,False,order_excess,0,
198769,397935539,227,0,,False,order_excess,0,
201401,402803,201,0,,False,order_excess,0,
202393,16596227,59,0,,False,order_excess,0,
204461,408923,921,0,,False,order_excess,0,
207497,20334707,963,0,,False,order_excess,0,
207821,415643,57,0,,False,order_excess,0,
210803,6324091,59,0,,False,order_excess,0,
217667,29167379,99,0,,False,order_excess,0,
219881,32102627,57,0,,False,order_excess,0,
221489,442979,321,0,,False,order_excess,0,
224327,304636067,99,0,,False,order_excess,0,
226657,2266571,121,0,,False,order_excess,0,
228197,562733803,67,0,,False,order_excess,0,
228251,237617964539,171,0,,False,order_excess,0,
228341,456683,57,0,,False,order_excess,0,
230393,460787,2451,0,,False,order_excess,0,
234947,94711364747,99,0,,False,order_excess,0,
237019,2913911587,59,0,,False,order_excess,0,
241337,336423779,99,0,,False,order_excess,0,
243227,3405179,57,0,,False,order_excess,0,
248231,86161476563,171,0,,False,order_excess,0,
257177,969557291,99,0,,False,order_excess,0,
257189,136310171,129,0,,False,order_excess,0,
263909,527819,57,0,,False,order_excess,0,
264179,10794882299,57,0,,False,order_excess,0,
269117,60726251051,201,0,,False,order_excess,0,
270587,3788219,57,0,,False,order_excess,0,
274853,549707,57,0,,False,order_excess,0,
274889,28962854819,171,0,,False,order_excess,0,
275147,300198033763,131,0,,False,order_excess,0,
281531,61240312307,57,0,,False,order_excess,0,
282683,193920539,129,0,,False,order_excess,0,
285221,27951659,171,0,,False,order_excess,0,
287387,151266147451,281,0,,False,order_excess,0,
287849,575699,57,0,,False,order_excess,0,
300719,47513603,57,0,,False,order_excess,0,
302213,604427,57,0,,False,order_excess,0,
303581,607163,57,0,,False,order_excess,0,
309469,47658227,107,0,,False,order_excess,0,
313517,971275667,627,0,,False,order_excess,0,
313883,3108069467,417,0,,False,order_excess,0,
315617,17298967771,107,0,,False,order_excess,0,
316373,632747,201,0,,False,order_excess,0,
317957,237195923,993,0,,False,order_excess,0,
317957,9925981627,683,0,,False,order_excess,0,
318161,166080043,59,0,,False,order_excess,0,
318287,269020628419,67,0,,False,order_excess,0,
319547,9586411,209,0,,False,order_excess,0,
320693,641387,129,0,,False,order_excess,0,
321617,510084563,627,0,,False,order_excess,0,
325747,1954483,83,0,,False,order_excess,0,
325883,486044718011,171,0,,False,order_excess,0,
332309,664619,57,0,,False,order_excess,0,
332417,40959757907,171,0,,False,order_excess,0,
333647,77421451763,177,0,,False,order_excess,0,
333821,667643,177,0,,False,order_excess,0,
336079,9033131363,83,0,,False,order_excess,0,
336653,469294283,249,0,,False,order_excess,0,
337457,20758329899,99,0,,False,order_excess,0,
340793,5971374947,417,0,,False,order_excess,0,
342521,63708907,59,0,,False,order_excess,0,
344857,644171494867,31163,0,,False,order_excess,0,
346331,599728232123,171,0,,False,order_excess,0,
346667,2080003,331,0,,False,order_excess,0,
347987,16003922131,7513,0,,False,order_excess,0,
351749,703499,201,0,,False,order_excess,0,
352237,96512939,131,0,,False,order_excess,0,
353201,706403,129,0,,False,order_excess,0,
356969,713939,489,0,,False,order_excess,0,
357667,19314019,121,0,,False,order_excess,0,
360803,560049240691,139,0,,False,order_excess,0,
360827,2164963,307,0,,False,order_excess,0,
366941,139100728163,57,0,,False,order_excess,0,
370451,36999904979,57,0,,False,order_excess,0,
370613,741227,57,0,,False,order_excess,0,
373187,5224619,57,0,,False,order_excess,0,
375113,117785483,171,0,,False,order_excess,0,
375923,5262923,57,0,,False,order_excess,0,
378083,97602126451,67,0,,False,order_excess,0,
383987,2303923,107,0,,False,order_excess,0,
384701,914818979,129,0,,False,order_excess,0,
385391,160408212803,171,0,,False,order_excess,0,
390407,14835467,921,0,,False,order_excess,0,
391133,782267,57,0,,False,order_excess,0,
392177,320800787,1881,0,,False,order_excess,0,
393311,203735099,57,0,,False,order_excess,0,
396443,5550203,57,0,,False,order_excess,0,
397289,794579,57,0,,False,order_excess,0,
397973,795947,57,0,,False,order_excess,0,
399107,1040072843,57,0,,False,order_excess,0,
400087,700152251,491,0,,False,order_excess,0,
401393,802787,57,0,,False,order_excess,0,
402341,10460867,129,0,,False,order_excess,0,
402761,805523,57,0,,False,order_excess,0,
409781,819563,489,0,,False,order_excess,0,
413129,40486643,171,0,,False,order_excess,0,
415949,831899,177,0,,False,order_excess,0,
416441,832883,57,0,,False,order_excess,0,
420191,597456977171,201,0,,False,order_excess,0,
423281,846563,57,0,,False,order_excess,0,
424091,6408015011,171,0,,False,order_excess,0,
424481,11036507,201,0,,False,order_excess,0,
430289,860579,2049,0,,False,order_excess,0,
432857,198248507,171,0,,False,order_excess,0,
434081,22555716923,57,0,,False,order_excess,0,
434909,869819,57,0,,False,order_excess,0,
438671,2632027,67,0,,False,order_excess,0,
440177,22008851,993,0,,False,order_excess,0,
440651,122500979,171,0,,False,order_excess,0,
445853,891707,57,0,,False,order_excess,0,
450929,487905179,57,0,,False,order_excess,0,
452009,904019,57,0,,False,order_excess,0,
454763,60938243,513,0,,False,order_excess,0,
457013,914027,177,0,,False,order_excess,0,
460217,12533549779,281,0,,False,order_excess,0,
460829,37217471699,57,0,,False,order_excess,0,
461561,923123,129,0,,False,order_excess,0,
464089,61947527899,59,0,,False,order_excess,0,
464279,136498027,67,0,,False,order_excess,0,
465917,8386507,179,0,,False,order_excess,0,
468137,88351496011,2473,0,,False,order_excess,0,
468323,310029827,129,0,,False,order_excess,0,
468353,23417651,57,0,,False,order_excess,0,
468551,29050163,171,0,,False,order_excess,0,
471671,14150131,67,0,,False,order_excess,0,
473321,65318299,67,0,,False,order_excess,0,
478001,956003,57,0,,False,order_excess,0,
482519,49216939,16297,0,,False,order_excess,0,
483347,2900083,209,0,,False,order_excess,0,
490421,48061259,171,0,,False,order_excess,0,
497153,994307,57,0,,False,order_excess,0,
498521,997043,57,0,,False,order_excess,0,
498931,22950827,83,0,,False,order_excess,0,
501779,7024907,57,0,,False,order_excess,0,
502553,1005107,1137,0,,False,order_excess,0,
503351,296977091,129,0,,False,order_excess,0,
503441,9061939,83,0,,False,order_excess,0,
504461,606362123,57,0,,False,order_excess,0,
505619,55618091,129,0,,False,order_excess,0,
508237,7921381883,131,0,,False,order_excess,0,
509837,13255763,249,0,,False,order_excess,0,
514433,124492787,4617,0,,False,order_excess,0,
515741,1031483,129,0,,False,order_excess,0,
517733,1035467,1761,0,,False,order_excess,0,
518747,702328450819,331,0,,False,order_excess,0,
519353,1038707,129,0,,False,order_excess,0,
520967,3125803,209,0,,False,order_excess,0,
523637,264960323,129,0,,False,order_excess,0,
531353,1062707,57,0,,False,order_excess,0,
532633,2881544531,83,0,,False,order_excess,0,
535607,28922779,331,0,,False,order_excess,0,
535757,738239929067,201,0,,False,order_excess,0,
537143,2134606283,249,0,,False,order_excess,0,
551693,491006771,81,0,,False,order_excess,0,
551861,1103723,129,0,,False,order_excess,0,
555167,6709748363,99,0,,False,order_excess,0,
555293,1110587,57,0,,False,order_excess,0,
564467,182976493787,3993,0,,False,order_excess,0,
568289,1136579,57,0,,False,order_excess,0,
569243,293996932211,57,0,,False,order_excess,0,
575777,2377959011,297,0,,False,order_excess,0,
577799,17333971,67,0,,False,order_excess,0,
579053,362761649123,201,0,,False,order_excess,0,
582161,1164323,249,0,,False,order_excess,0,
586073,1172147,57,0,,False,order_excess,0,
586973,12534221443,67,0,,False,order_excess,0,
587297,1114689707,99,0,,False,order_excess,0,
587441,1174883,57,0,,False,order_excess,0,
590137,20064659,473,0,,False,order_excess,0,
592643,5626552643,1251,0,,False,order_excess,0,
599321,629287051,379,0,,False,order_excess,0,
602057,1922970059,99,0,,False,order_excess,0,
602351,61439803,67,0,,False,order_excess,0,
603173,1206347,57,0,,False,order_excess,0,
605221,9665379371,283,0,,False,order_excess,0,
606839,256086059,201,0,,False,order_excess,0,
607961,1215923,57,0,,False,order_excess,0,
610877,57809734019,513,0,,False,order_excess,0,
613523,229457603,57,0,,False,order_excess,0,
616169,1232339,57,0,,False,order_excess,0,
619589,1239179,57,0,,False,order_excess,0,
625913,1251827,201,0,,False,order_excess,0,
627377,96105373123,281,0,,False,order_excess,0,
628877,2204842763,57,0,,False,order_excess,0,
631901,1263803,57,0,,False,order_excess,0,
632347,3794083,179,0,,False,order_excess,0,
632459,676731131,171,0,,False,order_excess,0,
633427,2917564763,251,0,,False,order_excess,0,
633953,1267907,57,0,,False,order_excess,0,
636071,2924654459,129,0,,False,order_excess,0,
639677,16631603,99,0,,False,order_excess,0,
640793,1281587,57,0,,False,order_excess,0,
645581,1291163,57,0,,False,order_excess,0,
655489,3095219059,59,0,,False,order_excess,0,
656609,1313219,129,0,,False,order_excess,0,
659783,9236963,57,0,,False,order_excess,0,
664589,26154235507,67,0,,False,order_excess,0,
666821,17337347,513,0,,False,order_excess,0,
674669,1349339,129,0,,False,order_excess,0,
676469,8086510427,57,0,,False,order_excess,0,
677333,7722950867,5139,0,,False,order_excess,0,
679781,1359563,57,0,,False,order_excess,0,
682079,9549107,201,0,,False,order_excess,0,
684037,6840371,121,0,,False,order_excess,0,
684569,1369139,57,0,,False,order_excess,0,
685019,9590267,489,0,,False,order_excess,0,
691409,1382819,57,0,,False,order_excess,0,
691697,12450547,209,0,,False,order_excess,0,
692729,1385459,129,0,,False,order_excess,0,
696833,630579512027,417,0,,False,order_excess,0,
701669,39755162203,107,0,,False,order_excess,0,
701881,7018811,83,0,,False,order_excess,0,
702011,24333105283,2027,0,,False,order_excess,0,
702353,16015053107,57,0,,False,order_excess,0,
713477,378142811,8163,0,,False,order_excess,0,
713981,1427963,57,0,,False,order_excess,0,
722027,10108379,57,0,,False,order_excess,0,
723917,1373994467,99,0,,False,order_excess,0,
724079,10137107,57,0,,False,order_excess,0,
724187,1278914243,57,0,,False,order_excess,0,
726487,3090475699,1091,0,,False,order_excess,0,
728831,80171411,57,0,,False,order_excess,0,
729713,1459427,57,0,,False,order_excess,0,
732449,1464899,57,0,,False,order_excess,0,
735143,10292003,201,0,,False,order_excess,0,
737921,1475843,57,0,,False,order_excess,0,
750521,1501043,129,0,,False,order_excess,0,
753707,461641015259,513,0,,False,order_excess,0,
753799,270485695171,59,0,,False,order_excess,0,
754717,7547171,131,0,,False,order_excess,0,
758441,1516883,57,0,,False,order_excess,0,
763523,22905691,67,0,,False,order_excess,0,
763751,1917015011,81,0,,False,order_excess,0,
763897,7638971,121,0,,False,order_excess,0,
773951,21625738843,683,0,,False,order_excess,0,
774173,1548347,57,0,,False,order_excess,0,
783257,621906059,201,0,,False,order_excess,0,
783749,1567499,57,0,,False,order_excess,0,
786337,121095899,683,0,,False,order_excess,0,
786431,5541192827,81,0,,False,order_excess,0,
788213,3520159259,57,0,,False,order_excess,0,
789857,151325543203,121,0,,False,order_excess,0,
790649,187802856971,201,0,,False,order_excess,0,
792101,745317930739,67,0,,False,order_excess,0,
792263,429406547,489,0,,False,order_excess,0,
794009,1588019,57,0,,False,order_excess,0,
794693,1589387,57,0,,False,order_excess,0,
794831,1518127211,129,0,,False,order_excess,0,
799481,1598963,57,0,,False,order_excess,0,
801677,23340024179,4257,0,,False,order_excess,0,
802127,324795660587,171,0,,False,order_excess,0,
802793,1605587,201,0,,False,order_excess,0,
805723,105490089499,283,0,,False,order_excess,0,
812849,1625699,16257,0,,False,order_excess,0,
824777,555899699,129,0,,False,order_excess,0,
825287,24096729827,993,0,,False,order_excess,0,
834797,923285483,99,0,,False,order_excess,0,
837667,5026003,107,0,,False,order_excess,0,
841889,1683779,57,0,,False,order_excess,0,
846137,6716635507,209,0,,False,order_excess,0,
847361,1694723,57,0,,False,order_excess,0,
847883,11870363,57,0,,False,order_excess,0,
847937,15262867,67,0,,False,order_excess,0,
851957,3109643051,993,0,,False,order_excess,0,
852149,1704299,57,0,,False,order_excess,0,
852833,1705667,57,0,,False,order_excess,0,
855269,1710539,129,0,,False,order_excess,0,
858251,25747531,571,0,,False,order_excess,0,
861929,2856432707,201,0,,False,order_excess,0,
862409,1724819,57,0,,False,order_excess,0,
864911,67329861707,57,0,,False,order_excess,0,
865177,195530003,251,0,,False,order_excess,0,
865307,240555347,99,0,,False,order_excess,0,
865829,1731659,57,0,,False,order_excess,0,
868727,429151139,99,0,,False,order_excess,0,
868727,4724137427,57,0,,False,order_excess,0,
868799,65526558179,57,0,,False,order_excess,0,
869717,4169423299,211,0,,False,order_excess,0,
870031,193146883,59,0,,False,order_excess,0,
874721,1749443,57,0,,False,order_excess,0,
875947,717994485067,59,0,,False,order_excess,0,
880553,1761107,129,0,,False,order_excess,0,
882389,1764779,201,0,,False,order_excess,0,
883433,977076899,171,0,,False,order_excess,0,
891557,11014295179,281,0,,False,order_excess,0,
894161,152007371,171,0,,False,order_excess,0,
895241,1790483,57,0,,False,order_excess,0,
898613,1797227,129,0,,False,order_excess,0,
903449,1806899,57,0,,False,order_excess,0,
906869,1813739,57,0,,False,order_excess,0,
908363,78119219,921,0,,False,order_excess,0,
908759,12722627,57,0,,False,order_excess,0,
914327,883239883,251,0,,False,order_excess,0,
916319,365338217939,57,0,,False,order_excess,0,
916841,705967571,57,0,,False,order_excess,0,
917971,64257971,2411,0,,False,order_excess,0,
919613,248804975603,57,0,,False,order_excess,0,
927587,128687854859,2979,0,,False,order_excess,0,
927791,72367699,83,0,,False,order_excess,0,
934067,13076939,57,0,,False,order_excess,0,
934229,1868459,57,0,,False,order_excess,0,
937901,1875803,489,0,,False,order_excess,0,
938507,6207285299,6843,0,,False,order_excess,0,
949961,1899923,57,0,,False,order_excess,0,
951829,9518291,107,0,,False,order_excess,0,
953171,718597523243,129,0,,False,order_excess,0,
963629,1927259,129,0,,False,order_excess,0,
969113,1938227,57,0,,False,order_excess,0,
970061,1940123,321,0,,False,order_excess,0,
970829,1941659,201,0,,False,order_excess,0,
974417,960775163,993,0,,False,order_excess,0,
977087,2663539163,99,0,,False,order_excess,0,
978689,1957379,57,0,,False,order_excess,0,
981653,25522979,182307,0,,False,order_excess,0,
986267,17174853539,171,0,,False,order_excess,0,
988067,274682627,99,0,,False,order_excess,0,
997949,54250503539,57,0,,False,order_excess,0,
999749,1999499,129,0,,False,order_excess,0,
1002467,14034539,57,0,,False,order_excess,0,
1004537,435969059,57,0,,False,order_excess,0,
1004687,6028123,67,0,,False,order_excess,0,
1008229,7398384403,683,0,,False,order_excess,0,
1009627,94547530043,913,0,,False,order_excess,0,
1011917,19260828179,99,0,,False,order_excess,0,
1014113,440125043,57,0,,False,order_excess,0,
1015463,14216483,57,0,,False,order_excess,0,
1015843,176756683,59,0,,False,order_excess,0,
1016237,123243125939,99,0,,False,order_excess,0,
1020413,2040827,57,0,,False,order_excess,0,
1025669,33972208619,57,0,,False,order_excess,0,
1029989,2059979,57,0,,False,order_excess,0,
1036327,4972296947,251,0,,False,order_excess,0,
1038251,89289587,57,0,,False,order_excess,0,
1039187,14548619,129,0,,False,order_excess,0,
1039481,2078963,129,0,,False,order_excess,0,
1040783,31587764051,129,0,,False,order_excess,0,
1041617,27082043,99,0,,False,order_excess,0,
1047077,77483699,753,0,,False,order_excess,0,
1047647,6285883,209,0,,False,order_excess,0,
1047773,2095547,57,0,,False,order_excess,0,
1049897,321268483,67,0,,False,order_excess,0,
1050509,2101019,57,0,,False,order_excess,0,
1057541,2115083,129,0,,False,order_excess,0,
1058663,797924889731,57,0,,False,order_excess,0,
1065347,14914859,993,0,,False,order_excess,0,
1075601,2151203,48891,0,,False,order_excess,0,
1079213,2158427,129,0,,False,order_excess,0,
1081127,15135779,627,0,,False,order_excess,0,
1083337,10833371,121,0,,False,order_excess,0,
1083377,28167803,513,0,,False,order_excess,0,
1084133,8016079403,57,0,,False,order_excess,0,
1084673,80265803,57,0,,False,order_excess,0,
1094969,2189939,57,0,,False,order_excess,0,
1100273,28607099,1713,0,,False,order_excess,0,
1100279,15403907,57,0,,False,order_excess,0,
1100513,134262587,57,0,,False,order_excess,0,
1103017,307938080027,59,0,,False,order_excess,0,
1105337,53261768683,211,0,,False,order_excess,0,
1107383,37436189699,201,0,,False,order_excess,0,
1112333,2224667,201,0,,False,order_excess,0,
1112483,1403953547,57,0,,False,order_excess,0,
1113491,198118999667,57,0,,False,order_excess,0,
1118147,4336174067,633,0,,False,order_excess,0,
1120961,2241923,57,0,,False,order_excess,0,
1124027,15736379,6963,0,,False,order_excess,0,
1124867,650530833707,57,0,,False,order_excess,0,
1129169,2258339,57,0,,False,order_excess,0,
1129853,2259707,57,0,,False,order_excess,0,
1142507,15995099,4323,0,,False,order_excess,0,
1144901,2289803,57,0,,False,order_excess,0,
1147387,686137427,83,0,,False,order_excess,0,
1152317,397192146731,171,0,,False,order_excess,0,
1153721,57686051,57,0,,False,order_excess,0,
1154513,465945283619,171,0,,False,order_excess,0,
1156553,2313107,201,0,,False,order_excess,0,
1159787,16237019,57,0,,False,order_excess,0,
1159967,990611819,99,0,,False,order_excess,0,
1167473,2334947,57,0,,False,order_excess,0,
1167653,5607069707,57,0,,False,order_excess,0,
1167833,226559603,129,0,,False,order_excess,0,
1168841,2337683,57,0,,False,order_excess,0,
1170209,2340419,57,0,,False,order_excess,0,
1172261,2344523,57,0,,False,order_excess,0,
1183241,30764267,171,0,,False,order_excess,0,
1183961,2367923,129,0,,False,order_excess,0,
1189901,6484960451,57,0,,False,order_excess,0,
1195361,2390723,537,0,,False,order_excess,0,
1198927,1954251011,4051,0,,False,order_excess,0,
1200611,7203667,107,0,,False,order_excess,0,
1202027,8498330891,753,0,,False,order_excess,0,
1202321,50528742347,57,0,,False,order_excess,0,
1205977,426915859,251,0,,False,order_excess,0,
1210883,1053468211,139,0,,False,order_excess,0,
1211897,31509323,297,0,,False,order_excess,0,
1213301,2426603,57,0,,False,order_excess,0,
1215923,116132805731,129,0,,False,order_excess,0,
1224701,707877179,129,0,,False,order_excess,0,
1230401,2460803,57,0,,False,order_excess,0,
1235137,12351371,7513,0,,False,order_excess,0,
1235369,150707605787,171,0,,False,order_excess,0,
1242029,2484059,57,0,,False,order_excess,0,
1244729,92109947,57,0,,False,order_excess,0,
1245449,2490899,57,0,,False,order_excess,0,
1246313,126129368227,67,0,,False,order_excess,0,
1246673,301694867,81,0,,False,order_excess,0,
1248869,2497739,57,0,,False,order_excess,0,
1249427,37230425747,171,0,,False,order_excess,0,
1250237,32506163,13257,0,,False,order_excess,0,
1250351,7502107,139,0,,False,order_excess,0,
1256201,2512403,129,0,,False,order_excess,0,
1256681,22620259,361,0,,False,order_excess,0,
1259129,2518259,57,0,,False,order_excess,0,
1261531,468358522123,59,0,,False,order_excess,0,
1264199,1898826899,201,0,,False,order_excess,0,
1265987,412711763,129,0,,False,order_excess,0,
1273127,1535391163,331,0,,False,order_excess,0,
1278227,5171706443,57,0,,False,order_excess,0,
1283069,2566139,57,0,,False,order_excess,0,
1283771,541751363,1467,0,,False,order_excess,0,
1288541,2577083,57,0,,False,order_excess,0,
1288649,261031318739,171,0,,False,order_excess,0,
1289423,131521147,1747,0,,False,order_excess,0,
1293329,2586659,57,0,,False,order_excess,0,
1295309,64765451,57,0,,False,order_excess,0,
1314821,2629643,1257,0,,False,order_excess,0,
1320887,272102723,171,0,,False,order_excess,0,
1325491,92784371,83,0,,False,order_excess,0,
1328213,2656427,57,0,,False,order_excess,0,
1331327,274253363,99,0,,False,order_excess,0,
1331633,2663267,57,0,,False,order_excess,0,
1334603,428073912251,171,0,,False,order_excess,0,
1340753,2681507,1857,0,,False,order_excess,0,
1343717,3894091867,331,0,,False,order_excess,0,
1348733,4307853203,171,0,,False,order_excess,0,
1350911,148600211,249,0,,False,order_excess,0,
1351121,2702243,201,0,,False,order_excess,0,
1353137,7536973091,1419,0,,False,order_excess,0,
1363781,2727563,57,0,,False,order_excess,0,
1366801,276093803,59,0,,False,order_excess,0,
1377653,2755307,201,0,,False,order_excess,0,
1377659,46143310547,57,0,,False,order_excess,0,
1378271,453227879099,57,0,,False,order_excess,0,
1378721,4337456267,57,0,,False,order_excess,0,
1379513,2759027,57,0,,False,order_excess,0,
1381069,544141187,59,0,,False,order_excess,0,
1384247,63473261939,99,0,,False,order_excess,0,
1387927,108258307,251,0,,False,order_excess,0,
1388077,7709379659,251,0,,False,order_excess,0,
1392407,75189979,281,0,,False,order_excess,0,
1396613,2793227,57,0,,False,order_excess,0,
1401977,1640313091,209,0,,False,order_excess,0,
1403453,2806907,57,0,,False,order_excess,0,
1411049,172147979,57,0,,False,order_excess,0,
1413029,2826059,3819,0,,False,order_excess,0,
1415207,76421179,121,0,,False,order_excess,0,
1424531,225075899,57,0,,False,order_excess,0,
1431461,758674331,171,0,,False,order_excess,0,
1431569,174651419,57,0,,False,order_excess,0,
1432019,20048267,57,0,,False,order_excess,0,
1432181,2864363,57,0,,False,order_excess,0,
1434217,4661205251,25091,0,,False,order_excess,0,
1439027,9195382531,211,0,,False,order_excess,0,
1440587,17618379011,81,0,,False,order_excess,0,
1442621,2322619811,171,0,,False,order_excess,0,
1443653,176125667,249,0,,False,order_excess,0,
1446617,26039107,331,0,,False,order_excess,0,
1449683,403565652907,59,0,,False,order_excess,0,
1452413,351483947,243,0,,False,order_excess,0,
1452413,1734181123,163,0,,False,order_excess,0,
1455491,125172227,57,0,,False,order_excess,0,
1456121,2912243,57,0,,False,order_excess,0,
1465081,1643820883,107,0,,False,order_excess,0,
1470797,979836136619,10923,0,,False,order_excess,0,
1471031,732735251411,129,0,,False,order_excess,0,
1473221,2946443,57,0,,False,order_excess,0,
1474589,2949179,57,0,,False,order_excess,0,
1475237,38356163,99,0,,False,order_excess,0,
1480673,74033651,57,0,,False,order_excess,0,
1482959,6213598211,129,0,,False,order_excess,0,
1484849,2969699,57,0,,False,order_excess,0,
1493741,2987483,57,0,,False,order_excess,0,
1493867,1455026459,57,0,,False,order_excess,0,
1494947,2520480643,209,0,,False,order_excess,0,
1498097,965592428963,57,0,,False,order_excess,0,
1500113,3315249731,57,0,,False,order_excess,0,
1501949,3003899,57,0,,False,order_excess,0,
1503353,39087179,171,0,,False,order_excess,0,
1508789,3017579,57,0,,False,order_excess,0,
1519733,3039467,57,0,,False,order_excess,0,
1522187,9133123,25091,0,,False,order_excess,0,
1530713,3061427,129,0,,False,order_excess,0,
1535123,353078291,57,0,,False,order_excess,0,
1536251,2958819427,67,0,,False,order_excess,0,
1537517,811664449403,129,0,,False,order_excess,0,
1540499,2091997643,129,0,,False,order_excess,0,
1550827,9304963,83,0,,False,order_excess,0,
1552531,34155683,107,0,,False,order_excess,0,
1556669,3113339,57,0,,False,order_excess,0,
1559609,3119219,129,0,,False,order_excess,0,
1561727,3245268707,99,0,,False,order_excess,0,
1565251,109567571,107,0,,False,order_excess,0,
1565561,3131123,57,0,,False,order_excess,0,
1565741,3131483,177,0,,False,order_excess,0,
1566263,51583305643,59,0,,False,order_excess,0,
1568207,367546947419,57,0,,False,order_excess,0,
1577027,9850110643,209,0,,False,order_excess,0,
1577189,3154379,57,0,,False,order_excess,0,
1584047,212262299,171,0,,False,order_excess,0,
1587683,69753264923,921,0,,False,order_excess,0,
1591553,3183107,57,0,,False,order_excess,0,
1594301,41451827,129,0,,False,order_excess,0,
1599869,12558971651,57,0,,False,order_excess,0,
1600877,233728043,627,0,,False,order_excess,0,
1601777,7653290507,81,0,,False,order_excess,0,
1608653,3217307,57,0,,False,order_excess,0,
1612019,435245131,67,0,,False,order_excess,0,
1622333,3244667,57,0,,False,order_excess,0,
1622549,5805480323,57,0,,False,order_excess,0,
1639097,1012961947,331,0,,False,order_excess,0,
1642313,831010379,201,0,,False,order_excess,0,
1643693,143898747379,59,0,,False,order_excess,0,
1647299,102132539,1467,0,,False,order_excess,0,
1656533,3313067,57,0,,False,order_excess,0,
1660661,3321323,201,0,,False,order_excess,0,
1669799,464204123,171,0,,False,order_excess,0,
1670213,3340427,57,0,,False,order_excess,0,
1672631,665707139,417,0,,False,order_excess,0,
1674269,726632747,129,0,,False,order_excess,0,
1677083,201152689187,129,0,,False,order_excess,0,
1677287,10063723,3641,0,,False,order_excess,0,
1678349,3356699,201,0,,False,order_excess,0,
1678657,16786571,121,0,,False,order_excess,0,
1678889,406291139,243,0,,False,order_excess,0,
1680779,29632133771,513,0,,False,order_excess,0,
1681787,6912144571,189001,0,,False,order_excess,0,
1686029,3372059,129,0,,False,order_excess,0,
1687421,1704295211,57,0,,False,order_excess,0,
1696241,3911531747,114627,0,,False,order_excess,0,
1698509,3468355379,171,0,,False,order_excess,0,
1700477,21306976811,2739,0,,False,order_excess,0,
1700669,615642179,57,0,,False,order_excess,0,
1710407,23945699,57,0,,False,order_excess,0,
1712621,3425243,57,0,,False,order_excess,0,
1721567,148054763,627,0,,False,order_excess,0,
1724627,19602110483,297,0,,False,order_excess,0,
1726031,976933547,81,0,,False,order_excess,0,
1727669,3455339,57,0,,False,order_excess,0,
1728767,134619086291,57,0,,False,order_excess,0,
1729373,3458747,129,0,,False,order_excess,0,
1729457,363185971,131,0,,False,order_excess,0,
1734869,86743451,177,0,,False,order_excess,0,
1738987,14617924723,59,0,,False,order_excess,0,
1738991,17428167803,129,0,,False,order_excess,0,
1740209,3480419,129,0,,False,order_excess,0,
1743047,170773286779,331,0,,False,order_excess,0,
1745599,306202502987,59,0,,False,order_excess,0,
1754849,857366575931,57,0,,False,order_excess,0,
1755713,3511427,57,0,,False,order_excess,0,
1758287,24616019,627,0,,False,order_excess,0,
1758719,42191668811,57,0,,False,order_excess,0,
1766747,660763379,57,0,,False,order_excess,0,
1771283,574303087091,57,0,,False,order_excess,0,
1775549,3551099,57,0,,False,order_excess,0,
1782497,1115843123,363,0,,False,order_excess,0,
1782551,752236523,171,0,,False,order_excess,0,
1783553,3567107,129,0,,False,order_excess,0,
1784441,3568883,57,0,,False,order_excess,0,
1785647,24999059,57,0,,False,order_excess,0,
1787011,3484671451,59,0,,False,order_excess,0,
1789391,4834934483,57,0,,False,order_excess,0,
1793101,24246311723,59,0,,False,order_excess,0,
1798001,3596003,129,0,,False,order_excess,0,
1806557,1983599587,19529,0,,False,order_excess,0,
1806617,105408875483,99,0,,False,order_excess,0,
1808813,4388180339,57,0,,False,order_excess,0,
1813853,3627707,57,0,,False,order_excess,0,
1813853,19854434939,57,0,,False,order_excess,0,
1814951,35395174403,171,0,,False,order_excess,0,
1816769,183526370843,57,0,,False,order_excess,0,
1820009,3640019,57,0,,False,order_excess,0,
1823429,3646859,57,0,,False,order_excess,0,
1825661,79704707939,81,0,,False,order_excess,0,
1828901,3657803,57,0,,False,order_excess,0,
1831517,135257530451,1419,0,,False,order_excess,0,
1834373,3668747,57,0,,False,order_excess,0,
1835651,13374553187,57,0,,False,order_excess,0,
1843487,247027259,129,0,,False,order_excess,0,
1846373,5232621083,417,0,,False,order_excess,0,
1848227,14841262811,993,0,,False,order_excess,0,
1848569,3697139,129,0,,False,order_excess,0,
1849577,48089003,993,0,,False,order_excess,0,
1850141,48103667,171,0,,False,order_excess,0,
1851677,1736873027,1419,0,,False,order_excess,0,
1854701,3709403,1851,0,,False,order_excess,0,
1858313,3716627,57,0,,False,order_excess,0,
1862561,115288800779,57,0,,False,order_excess,0,
1864469,3728939,57,0,,False,order_excess,0,
1867727,26148179,57,0,,False,order_excess,0,
1869221,38928396547,67,0,,False,order_excess,0,
1876403,579834796643,171,0,,False,order_excess,0,
1881937,18819371,121,0,,False,order_excess,0,
1885673,3771347,57,0,,False,order_excess,0,
1886663,798084862283,57,0,,False,order_excess,0,
1888301,3776603,129,0,,False,order_excess,0,
1889717,1092256427,321,0,,False,order_excess,0,
1890227,35910532547,99,0,,False,order_excess,0,
1900721,3801443,57,0,,False,order_excess,0,
1905367,11432203,281,0,,False,order_excess,0,
1909043,11454259,59,0,,False,order_excess,0,
1911053,3822107,2217,0,,False,order_excess,0,
1924463,11546779,67,0,,False,order_excess,0,
1925219,2059984331,171,0,,False,order_excess,0,
1927337,336316451827,331,0,,False,order_excess,0,
1930133,3860267,57,0,,False,order_excess,0,
1930133,41602086683,387,0,,False,order_excess,0,
1932401,69431167931,129,0,,False,order_excess,0,
1938791,632045867,57,0,,False,order_excess,0,
1939673,143535803,57,0,,False,order_excess,0,
1940759,446374571,129,0,,False,order_excess,0,
1947227,11683363,59609,0,,False,order_excess,0,
1948601,3897203,57,0,,False,order_excess,0,
1956583,5458866571,683,0,,False,order_excess,0,
1958941,8168783971,83,0,,False,order_excess,0,
1959707,105824179,121,0,,False,order_excess,0,
1960877,145104899,57,0,,False,order_excess,0,
1975187,11851123,331,0,,False,order_excess,0,
1976903,378628323979,59,0,,False,order_excess,0,
1979147,1690191539,387,0,,False,order_excess,0,
1980443,1406114531,171,0,,False,order_excess,0,
1981919,27746867,129,0,,False,order_excess,0,
1987889,3975779,201,0,,False,order_excess,0,
1990523,3133083203,171,0,,False,order_excess,0,
1996777,545188011419,107,0,,False,order_excess,0,
1997507,16854964067,57,0,,False,order_excess,0,
2008247,1474053299,417,0,,False,order_excess,0,
2010161,4020323,57,0,,False,order_excess,0,
2015633,4031267,57,0,,False,order_excess,0,
2021777,36391987,251,0,,False,order_excess,0,
2028701,16899079331,57,0,,False,order_excess,0,
2035361,1990583059,107,0,,False,order_excess,0,
2041051,129284252443,59,0,,False,order_excess,0,
2049149,4098299,57,0,,False,order_excess,0,
2062979,209512021283,129,0,,False,order_excess,0,
2067041,202570019,171,0,,False,order_excess,0,
2073089,4146179,57,0,,False,order_excess,0,
2074217,82773703603,67,0,,False,order_excess,0,
2074811,12448867,67,0,,False,order_excess,0,
2078093,4592585531,57,0,,False,order_excess,0,
2079041,4158083,177,0,,False,order_excess,0,
2087741,136492331099,1083,0,,False,order_excess,0,
2090279,678483660611,57,0,,False,order_excess,0,
2090873,4181747,57,0,,False,order_excess,0,
2093573,136672632587,57,0,,False,order_excess,0,
2101007,12606043,209,0,,False,order_excess,0,
2107883,54767016107,171,0,,False,order_excess,0,
2108927,56363183003,57,0,,False,order_excess,0,
2110313,59059219619,57,0,,False,order_excess,0,
2110709,4221419,57,0,,False,order_excess,0,
2118269,3918797651,57,0,,False,order_excess,0,
2120303,167550583667,57,0,,False,order_excess,0,
2120549,4241099,201,0,,False,order_excess,0,
2121653,4243307,57,0,,False,order_excess,0,
2121737,31813324579,67,0,,False,order_excess,0,
2126441,4252883,57,0,,False,order_excess,0,
2128781,26571444443,171,0,,False,order_excess,0,
2131531,182795835499,59,0,,False,order_excess,0,
2135333,4270667,57,0,,False,order_excess,0,
2144477,55756403,297,0,,False,order_excess,0,
2145137,364673291,993,0,,False,order_excess,0,
2147081,4294163,201,0,,False,order_excess,0,
2149211,442737467,171,0,,False,order_excess,0,
2152559,80621944787,57,0,,False,order_excess,0,
2153819,20913582491,171,0,,False,order_excess,0,
2155067,168095227,67,0,,False,order_excess,0,
2157671,19397462291,171,0,,False,order_excess,0,
2158697,211552307,1881,0,,False,order_excess,0,
2162813,4325627,129,0,,False,order_excess,0,
2163677,844046070347,753,0,,False,order_excess,0,
2167103,3619062011,57,0,,False,order_excess,0,
2186291,7481487803,57,0,,False,order_excess,0,
2186857,21868571,121,0,,False,order_excess,0,
2189081,154413395579,57,0,,False,order_excess,0,
2189879,223661101787,177,0,,False,order_excess,0,
2190311,188366747,201,0,,False,order_excess,0,
2197469,145195566707,57,0,,False,order_excess,0,
2203049,4406099,57,0,,False,order_excess,0,
2208637,251784619,131,0,,False,order_excess,0,
2210353,340394363,59,0,,False,order_excess,0,
2210573,4421147,57,0,,False,order_excess,0,
2211977,57511403,513,0,,False,order_excess,0,
2213867,13283203,209,0,,False,order_excess,0,
2216729,4433459,57,0,,False,order_excess,0,
2223407,31127699,57,0,,False,order_excess,0,
2231093,4462187,57,0,,False,order_excess,0,
2234513,4469027,57,0,,False,order_excess,0,
2240669,4481339,57,0,,False,order_excess,0,
2240891,1752376763,129,0,,False,order_excess,0,
2241583,178192399003,499,0,,False,order_excess,0,
2258453,4516907,57,0,,False,order_excess,0,
2266177,77050019,4051,0,,False,order_excess,0,
2267561,4535123,129,0,,False,order_excess,0,
2270249,985288067,129,0,,False,order_excess,0,
2273267,2814304547,627,0,,False,order_excess,0,
2274641,4549283,2217,0,,False,order_excess,0,
2279741,4559483,201,0,,False,order_excess,0,
2283851,601762764587,57,0,,False,order_excess,0,
2288927,581387459,57,0,,False,order_excess,0,
2289197,169400579,57,0,,False,order_excess,0,
2289233,4578467,2451,0,,False,order_excess,0,
2293799,142215539,201,0,,False,order_excess,0,
2297429,4594859,201,0,,False,order_excess,0,
2309753,4619507,57,0,,False,order_excess,0,
2320139,143848619,171,0,,False,order_excess,0,
2322763,563386165651,1049,0,,False,order_excess,0,
2323001,14500172243,129,0,,False,order_excess,0,
2326277,246273640883,2259,0,,False,order_excess,0,
2326853,4653707,57,0,,False,order_excess,0,
2330687,15694846259,57,0,,False,order_excess,0,
2333693,4667387,57,0,,False,order_excess,0,
2333867,14003203,571,0,,False,order_excess,0,
2334377,17988709163,753,0,,False,order_excess,0,
2336413,122825231411,683,0,,False,order_excess,0,
2339677,360310259,131,0,,False,order_excess,0,
2346887,1328338043,99,0,,False,order_excess,0,
2352131,2328609691,739,0,,False,order_excess,0,
2352937,5105873291,131,0,,False,order_excess,0,
2356463,1559978507,57,0,,False,order_excess,0,
2361473,4722947,129,0,,False,order_excess,0,
2361899,996721379,171,0,,False,order_excess,0,
2363789,4727579,57,0,,False,order_excess,0,
2364619,675557460587,283,0,,False,order_excess,0,
2366489,4732979,177,0,,False,order_excess,0,
2369261,4738523,57,0,,False,order_excess,0,
2370629,4741259,57,0,,False,order_excess,0,
2374733,4749467,32091,0,,False,order_excess,0,
2380121,5431436123,129,0,,False,order_excess,0,
2382173,347797259,2049,0,,False,order_excess,0,
2387477,11961259771,209,0,,False,order_excess,0,
2389781,4779563,57,0,,False,order_excess,0,
2393687,320754059,297,0,,False,order_excess,0,
2396567,111330123419,57,0,,False,order_excess,0,
2400883,238047549451,59,0,,False,order_excess,0,
2402093,4804187,57,0,,False,order_excess,0,
2408933,4817867,57,0,,False,order_excess,0,
2413721,4827443,38931,0,,False,order_excess,0,
2413721,989089763939,81,0,,False,order_excess,0,
2416867,3958828147,121,0,,False,order_excess,0,
2419553,103484281811,57,0,,False,order_excess,0,
2422169,43599043,67,0,,False,order_excess,0,
2430089,4860179,201,0,,False,order_excess,0,
2434997,413949491,99,0,,False,order_excess,0,
2436293,4872587,57,0,,False,order_excess,0,
2438957,5682769811,171,0,,False,order_excess,0,
2453779,38705909947,59,0,,False,order_excess,0,
2454761,4909523,57,0,,False,order_excess,0,
2455547,34377659,993,0,,False,order_excess,0,
2455643,505862459,171,0,,False,order_excess,0,
2465993,263767543267,67,0,,False,order_excess,0,
2466389,4932779,57,0,,False,order_excess,0,
2476667,94113347,849,0,,False,order_excess,0,
2484323,750265547,129,0,,False,order_excess,0,
2486387,4450632731,171,0,,False,order_excess,0,
2487431,110635956019,643,0,,False,order_excess,0,
2489687,592162094203,67,0,,False,order_excess,0,
2491547,14949283,331,0,,False,order_excess,0,
2496413,124820651,57,0,,False,order_excess,0,
2501201,26357656139,171,0,,False,order_excess,0,
2509301,438731205443,171,0,,False,order_excess,0,
2512919,336731147,513,0,,False,order_excess,0,
2513461,829406941547,59,0,,False,order_excess,0,
2514269,5028539,57,0,,False,order_excess,0,
2515127,35211779,993,0,,False,order_excess,0,
2516429,246610043,171,0,,False,order_excess,0,
2519537,283785530459,3273,0,,False,order_excess,0,
2534789,5069579,57,0,,False,order_excess,0,
2555309,5110619,57,0,,False,order_excess,0,
2561813,988859819,129,0,,False,order_excess,0,
2562881,230659291,67,0,,False,order_excess,0,
2564333,5128667,3921,0,,False,order_excess,0,
2571563,36001883,57,0,,False,order_excess,0,
2575073,5150147,489,0,,False,order_excess,0,
2578717,25787171,1481,0,,False,order_excess,0,
2579249,5158499,57,0,,False,order_excess,0,
2583527,173070473731,211,0,,False,order_excess,0,
2585243,36193403,57,0,,False,order_excess,0,
2587147,31868476747,683,0,,False,order_excess,0,
2587147,32924032723,121,0,,False,order_excess,0,
2598899,660120347,129,0,,False,order_excess,0,
2613449,5226899,57,0,,False,order_excess,0,
2614327,130501975187,251,0,,False,order_excess,0,
2616643,152618319619,59,0,,False,order_excess,0,
2619209,445265531,171,0,,False,order_excess,0,
2619443,36672203,57,0,,False,order_excess,0,
2621027,707677291,4051,0,,False,order_excess,0,
2622341,39466232051,57,0,,False,order_excess,0,
2625149,5250299,129,0,,False,order_excess,0,
2625869,257335163,171,0,,False,order_excess,0,
2626493,383467979,129,0,,False,order_excess,0,
2632499,341461445291,129,0,,False,order_excess,0,
2632601,5265203,57,0,,False,order_excess,0,
2633303,3955221107,171,0,,False,order_excess,0,
2635553,1017323459,171,0,,False,order_excess,0,
2644709,5289419,1329,0,,False,order_excess,0,
2644913,5289827,57,0,,False,order_excess,0,
2644913,110964680003,57,0,,False,order_excess,0,
2649887,162846155699,129,0,,False,order_excess,0,
2651189,5302379,201,0,,False,order_excess,0,
2652827,15916963,281,0,,False,order_excess,0,
2662103,995626523,57,0,,False,order_excess,0,
2663567,37289939,2217,0,,False,order_excess,0,
2664191,36611312723,171,0,,False,order_excess,0,
2668727,16012363,1121,0,,False,order_excess,0,
2671589,5343179,57,0,,False,order_excess,0,
2671787,16030723,163,0,,False,order_excess,0,
2672867,358164179,297,0,,False,order_excess,0,
2673431,171479211203,201,0,,False,order_excess,0,
2673527,311984559739,331,0,,False,order_excess,0,
2680481,5360963,57,0,,False,order_excess,0,
2688869,650706299,171,0,,False,order_excess,0,
2689667,37655339,201,0,,False,order_excess,0,
2695751,23587821251,3291,0,,False,order_excess,0,
2697581,5395163,57,0,,False,order_excess,0,
2700707,37809899,129,0,,False,order_excess,0,
2713313,5426627,57,0,,False,order_excess,0,
2714021,70564547,129,0,,False,order_excess,0,
2715533,5431067,177,0,,False,order_excess,0,
2716463,950762051,171,0,,False,order_excess,0,
2716823,1016091803,57,0,,False,order_excess,0,
2717327,798894139,209,0,,False,order_excess,0,
2728577,70943003,99,0,,False,order_excess,0,
2729729,5459459,57,0,,False,order_excess,0,
2731357,27313571,121,0,,False,order_excess,0,
2732629,8094047099,107,0,,False,order_excess,0,
2739817,40752038059,131,0,,False,order_excess,0,
2758793,5517587,129,0,,False,order_excess,0,
2759269,74395410779,179,0,,False,order_excess,0,
2764369,290352733547,59,0,,False,order_excess,0,
2765677,27656771,2497,0,,False,order_excess,0,
2767571,615568676963,1689,0,,False,order_excess,0,
2772827,149732659,121,0,,False,order_excess,0,
2777609,5555219,57,0,,False,order_excess,0,
2779463,698662496459,57,0,,False,order_excess,0,
2781029,5562059,57,0,,False,order_excess,0,
2791937,206603339,57,0,,False,order_excess,0,
2791973,5583947,57,0,,False,order_excess,0,
2795393,5590787,57,0,,False,order_excess,0,
2798129,5596259,57,0,,False,order_excess,0,
2803327,4053610843,251,0,,False,order_excess,0,
2805497,340772498603,129,0,,False,order_excess,0,
2807933,73006259,129,0,,False,order_excess,0,
2809073,5618147,57,0,,False,order_excess,0,
2811161,73090187,513,0,,False,order_excess,0,
2812451,16874707,59,0,,False,order_excess,0,
2813519,60586318147,1259,0,,False,order_excess,0,
2813897,2504368331,387,0,,False,order_excess,0,
2815331,294342856051,67,0,,False,order_excess,0,
2818649,5637299,57,0,,False,order_excess,0,
2828141,5656283,249,0,,False,order_excess,0,
2833769,345719819,57,0,,False,order_excess,0,
2840267,461639956579,209,0,,False,order_excess,0,
2842589,5685179,57,0,,False,order_excess,0,
2847269,760704858731,57,0,,False,order_excess,0,
2852849,5705699,57,0,,False,order_excess,0,
2853083,23937366371,57,0,,False,order_excess,0,
2859929,5719859,129,0,,False,order_excess,0,
2861741,5723483,57,0,,False,order_excess,0,
2882261,5764523,57,0,,False,order_excess,0,
2892511,193885012331,83,0,,False,order_excess,0,
2898821,5797643,201,0,,False,order_excess,0,
2899661,5799323,129,0,,False,order_excess,0,
2901341,109746124667,81,0,,False,order_excess,0,
2903273,5806547,129,0,,False,order_excess,0,
2910917,103681041707,57,0,,False,order_excess,0,
2914151,880073603,129,0,,False,order_excess,0,
2915111,17490667,59,0,,False,order_excess,0,
2931113,59308140443,57,0,,False,order_excess,0,
2945447,111926987,993,0,,False,order_excess,0,
2959409,32322665099,57,0,,False,order_excess,0,
2960729,5921459,201,0,,False,order_excess,0,
2965601,125628789563,513,0,,False,order_excess,0,
2968967,19850513363,99,0,,False,order_excess,0,
2986229,734116619987,81,0,,False,order_excess,0,
2986349,5972699,129,0,,False,order_excess,0,
2987591,328635011,2049,0,,False,order_excess,0,
2988281,5976563,57,0,,False,order_excess,0,
2989487,41852819,57,0,,False,order_excess,0,
2990033,469895646083,201,0,,False,order_excess,0,
2994779,688799171,57,0,,False,order_excess,0,
3000677,54012187,251,0,,False,order_excess,0,
3003887,18023323,209,0,,False,order_excess,0,
3006901,390897131,83,0,,False,order_excess,0,
3008801,6017603,57,0,,False,order_excess,0,
3009361,607890923,59,0,,False,order_excess,0,
3010979,186680699,171,0,,False,order_excess,0,
3019241,730656323,171,0,,False,order_excess,0,
3024533,6049067,57,0,,False,order_excess,0,
